City_ID,City,Lat,Lng,Max Temp,Humidity,Cloudiness,Wind Speed,Country,Date
0,grytviken,-54.2811,-36.5092,-3.05,85,95,4.25,GS,1686624076
1,ploneour-lanvern,47.9,-4.2833,14.16,94,0,3.09,FR,1686624409
2,mount pearl,47.5166,-52.7813,7.75,95,100,7.2,CA,1686624187
3,barra de santo antonio,-9.4047,-35.5072,23.6,84,23,4.63,BR,1686624410
4,college,64.8569,-147.8028,17.48,43,75,7.72,US,1686623927
5,fale old settlement,-9.3852,-171.2468,28.45,78,11,6.64,TK,1686624076
6,ust-nera,64.5667,143.2,7.72,84,100,3.65,RU,1686624163
7,wailua homesteads,22.0669,-159.378,27.24,80,20,6.69,US,1686624102
8,sanga-sanga,5.0725,119.7853,28.84,70,12,2.13,PH,1686624410
9,kodiak,57.79,-152.4072,13.73,47,20,6.17,US,1686624137
10,huron,41.1501,-82.5499,14.83,80,84,3.74,US,1686624410
11,thunder bay,48.4001,-89.3168,15.99,55,75,1.54,CA,1686624371
12,aioun,16.6614,-9.6149,30.99,42,98,7.01,MR,1686624358
13,usinsk,65.9939,57.5281,11.16,88,91,6.31,RU,1686624097
14,port-aux-francais,-49.35,70.2167,6.16,88,100,13.91,TF,1686624095
15,arraial do cabo,-22.9661,-42.0278,21.81,91,2,3.23,BR,1686624272
16,praia da vitoria,38.7333,-27.0667,18.14,100,20,2.62,PT,1686624180
17,adamstown,-25.066,-130.1015,20.53,62,38,3.01,PN,1686624093
18,tokar,18.4254,37.729,29.57,55,30,1.25,SD,1686624411
19,tshabong,-26.05,22.45,6.18,74,0,4.32,BW,1686624411
20,waitangi,-43.9535,-176.5597,11.01,89,94,1.34,NZ,1686624109
21,puerto natales,-51.7236,-72.4875,1.97,94,100,1.88,CL,1686624074
22,castlemaine,-37.0667,144.2167,13.49,85,100,5.01,AU,1686624411
23,udachny,66.4167,112.4,16.92,31,18,7.11,RU,1686624236
24,cockburn town,21.4612,-71.1419,27.98,84,7,9.86,TC,1686624254
25,klyuchi,52.2667,79.1667,19.07,54,18,4.38,RU,1686624202
26,novo aripuana,-5.1206,-60.3797,24.75,85,82,0.6,BR,1686624266
27,wanning,18.8003,110.3967,31.31,67,100,3.13,CN,1686624412
28,cidade velha,14.9167,-23.6167,25.26,73,0,5.14,CV,1686624194
29,kayangel,8.0823,134.7173,27.61,78,64,4.03,PW,1686624412
30,hobyo,5.3505,48.5268,25.75,82,55,9.93,SO,1686624412
31,floro,61.5996,5.0328,13.98,67,100,2.57,NO,1686624412
32,catriel,-37.8791,-67.7956,6.85,36,0,4.56,AR,1686624413
33,valday,57.9747,33.2525,11.5,67,41,1.53,RU,1686624413
34,punta arenas,-53.15,-70.9167,6.06,70,20,6.17,CL,1686624236
35,minas de marcona,-15.2119,-75.1103,12.21,86,82,7.6,PE,1686624262
36,oyem,1.5995,11.5793,19.46,99,100,1.01,GA,1686624413
37,zhangye,38.9342,100.4517,30.4,11,0,6.14,CN,1686624413
38,talnakh,69.4865,88.3972,10.79,62,89,2.4,RU,1686624107
39,salalah,17.0151,54.0924,29.05,94,75,1.54,OM,1686624413
40,edinburgh of the seven seas,-37.0676,-12.3116,15.11,90,100,8.33,SH,1686624104
41,ancud,-41.8697,-73.8203,4.52,90,61,2.61,CL,1686624140
42,tiksi,71.6872,128.8694,2.76,96,100,3.1,RU,1686624109
43,elliot lake,46.3834,-82.6331,12.09,99,100,1.59,CA,1686624414
44,mejit,10.2753,170.8646,27.93,80,86,9.03,MH,1686624093
45,villa mercedes,-33.6757,-65.4578,4.12,38,0,2.33,AR,1686624414
46,stanley,54.868,-1.6985,12.06,94,100,0.51,GB,1686624144
47,xining,36.6167,101.7667,17.79,47,65,0.92,CN,1686624414
48,olonkinbyen,70.9221,-8.7187,1.6,90,100,8.97,SJ,1686624097
49,port mathurin,-19.6833,63.4167,24.73,73,9,6.85,MU,1686624165
50,solnechnyy,50.7214,136.6319,21.45,40,8,2.95,RU,1686624415
51,huai'an,33.5886,119.0192,29.86,34,97,1.99,CN,1686624415
52,mae hong son,19.3003,97.9685,26.08,89,75,0.0,TH,1686624415
53,puerto ayora,-0.7393,-90.3518,26.42,93,76,4.47,EC,1686624135
54,port lincoln,-34.7333,135.8667,13.58,61,95,9.7,AU,1686624163
55,peniscola,40.3359,0.3613,20.19,77,100,1.47,ES,1686624415
56,atafu village,-8.5421,-172.5159,28.68,75,33,6.83,TK,1686624102
57,port alfred,-33.5906,26.891,15.0,57,100,8.46,ZA,1686624138
58,bamboo flat,11.7,92.7167,29.05,84,100,2.57,IN,1686624251
59,invercargill,-46.4,168.35,11.66,83,63,1.26,NZ,1686624110
60,jamestown,42.097,-79.2353,13.77,79,100,4.12,US,1686623994
61,boli,45.7667,130.5167,22.57,55,82,2.87,CN,1686624110
62,amahai,-3.3333,128.9167,27.22,84,99,3.51,ID,1686624416
63,albany,42.6001,-73.9662,20.51,81,100,1.34,US,1686624416
64,novodvinsk,64.4165,40.8122,16.46,53,84,4.68,RU,1686624416
65,yayva,59.3303,57.2641,10.65,58,9,2.63,RU,1686624416
66,cabo san lucas,22.8909,-109.9124,30.17,39,0,2.57,MX,1686624107
67,saint-philippe,-21.3585,55.7679,21.77,74,0,1.93,RE,1686624188
68,queenstown,-31.8976,26.8753,6.58,61,55,5.47,ZA,1686624417
69,jinchang,38.4953,102.1739,26.84,15,0,5.25,CN,1686624417
70,dhone,15.4167,77.8833,29.5,55,11,7.62,IN,1686624417
71,forster,-32.1667,152.5167,21.26,50,100,2.78,AU,1686624417
72,ugoofaaru,5.6667,73.0,28.83,79,100,7.32,MV,1686624417
73,laojunmiao,39.8333,97.7333,25.69,15,0,8.97,CN,1686624417
74,ambovombe,-25.1667,46.0833,17.23,84,2,4.77,MG,1686624417
75,cowra,-33.8333,148.6833,17.4,44,1,6.58,AU,1686624417
76,margaret river,-33.95,115.0667,15.98,69,100,7.74,AU,1686624238
77,antonio enes,-16.2325,39.9086,19.18,93,10,2.79,MZ,1686624271
78,howrah,22.5892,88.3103,31.0,84,40,2.57,IN,1686624418
79,doctor arroyo,23.6667,-100.1833,25.1,41,0,2.96,MX,1686624376
80,petrolina de goias,-16.095,-49.3381,21.61,55,81,1.33,BR,1686624418
81,port hedland,-20.3167,118.5667,25.03,20,10,9.26,AU,1686624418
82,kyren,51.6828,102.1408,16.67,93,100,2.13,RU,1686624418
83,rongelap,11.1635,166.8941,28.0,80,99,8.19,MH,1686624212
84,maralal,1.0968,36.698,14.03,78,83,0.81,KE,1686624418
85,sur,22.5667,59.5289,33.36,46,100,2.43,OM,1686624237
86,zaozersk,69.4005,32.4476,9.55,65,98,8.03,RU,1686624203
87,waitara,-38.925,174.25,15.68,63,0,1.82,NZ,1686624419
88,chegdomyn,51.1167,133.0167,24.08,47,52,2.01,RU,1686624419
89,nuuk,64.1835,-51.7216,0.34,100,100,2.06,GL,1686624418
90,dudinka,69.4058,86.1778,11.6,56,64,2.98,RU,1686624142
91,cidreira,-30.1811,-50.2056,9.04,71,83,3.65,BR,1686624338
92,bilibino,68.0546,166.4372,7.05,89,100,5.75,RU,1686624074
93,isangel,-19.55,169.2667,26.06,65,100,2.06,VU,1686624335
94,filadelfia,39.9523,-75.1638,20.26,89,75,6.69,US,1686624246
95,tazovsky,67.4667,78.7,1.06,91,100,7.98,RU,1686624063
96,dunedin,-45.8742,170.5036,12.67,64,60,1.79,NZ,1686623999
97,howard springs,-12.497,131.047,30.46,26,100,4.74,AU,1686624265
98,iqaluit,63.7506,-68.5145,0.85,69,75,4.63,CA,1686624112
99,greenville,35.6127,-77.3663,23.09,98,100,1.54,US,1686624420
100,vadso,70.0744,29.7487,9.49,66,0,7.2,NO,1686624052
101,weno,7.4515,151.8468,31.97,70,75,4.12,FM,1686624238
102,yellowknife,62.456,-114.3525,7.29,70,75,3.09,CA,1686624077
103,longyearbyen,78.2186,15.6401,2.91,75,75,5.14,SJ,1686624099
104,arkhangel'sk,64.5401,40.5433,16.46,53,87,4.89,RU,1686624233
105,west bay,19.3667,-81.4167,29.04,80,20,3.6,KY,1686624420
106,al kharijah,25.4514,30.5464,29.61,26,0,1.82,EG,1686624421
107,chateaubelair,13.2833,-61.25,26.95,80,24,4.98,VC,1686624421
108,kabinda,-6.1333,24.4833,20.9,69,85,1.2,CD,1686624421
109,luganville,-15.5333,167.1667,25.84,85,68,4.39,VU,1686624421
110,aasiaat,68.7098,-52.8699,-2.59,86,44,2.1,GL,1686624093
111,galappo,-4.2667,35.85,13.2,95,23,0.54,TZ,1686624421
112,gadzhiyevo,69.2551,33.3362,9.6,65,98,6.94,RU,1686624258
113,east london,-33.0153,27.9116,16.69,44,93,9.47,ZA,1686624096
114,keflavik,64.0049,-22.5624,8.26,87,0,1.54,IS,1686624101
115,tralee,52.2704,-9.7026,15.52,95,91,1.12,IE,1686624100
116,papatowai,-46.5619,169.4708,11.42,80,27,2.29,NZ,1686624134
117,nogliki,51.8333,143.1667,6.15,96,100,3.21,RU,1686624422
118,hawaiian paradise park,19.5933,-154.9731,28.73,70,0,3.94,US,1686624063
119,okha,53.5739,142.9478,8.68,87,97,4.25,RU,1686624140
120,moroni,-11.7022,43.2551,23.84,56,0,2.39,KM,1686624422
121,lerwick,60.1545,-1.1494,12.0,93,100,3.08,GB,1686624422
122,portland,45.5234,-122.6762,31.02,45,20,5.14,US,1686624051
123,vorkuta,67.5,64.0,8.28,53,100,5.66,RU,1686624237
124,kuanda,56.3161,116.0806,14.23,49,67,1.81,RU,1686624229
125,gulf shores,30.246,-87.7008,24.48,89,0,2.06,US,1686624273
126,kayenta,36.7278,-110.2546,17.68,35,23,5.38,US,1686624423
127,fort bragg,35.139,-79.006,23.08,88,75,1.54,US,1686624057
128,ilulissat,69.2167,-51.1,2.01,75,75,0.0,GL,1686624180
129,kone,-21.0595,164.8658,25.11,52,17,2.89,NC,1686624423
130,prainha,-1.8,-53.48,23.1,97,48,1.42,BR,1686624353
131,saipan,15.1355,145.701,31.39,100,40,5.66,MP,1686624169
132,walvis bay,-22.9575,14.5053,12.83,93,0,2.57,NA,1686624423
133,whitehorse,60.7161,-135.0538,16.43,23,40,8.75,CA,1686624076
134,ushuaia,-54.8,-68.3,4.81,75,20,10.8,AR,1686624063
135,nova sintra,14.8667,-24.7167,21.15,85,100,10.33,CV,1686624424
136,daru,-9.0763,143.2092,26.53,87,99,6.34,PG,1686624261
137,kununurra,-15.7667,128.7333,29.99,28,23,5.66,AU,1686624204
138,hithadhoo,-0.6,73.0833,28.78,70,69,3.7,MV,1686624122
139,port augusta,-32.5,137.7667,17.01,47,11,8.6,AU,1686624424
140,rikaze,29.25,88.8833,15.94,38,38,1.32,CN,1686624241
141,thompson,55.7435,-97.8558,8.09,81,100,5.14,CA,1686624097
142,soroca,48.1558,28.2975,13.0,87,100,2.97,MD,1686624424
143,mildura,-34.2,142.15,15.04,70,17,9.9,AU,1686624424
144,hamilton,39.1834,-84.5333,15.0,73,20,2.06,US,1686623731
145,farafangana,-22.8167,47.8333,18.96,93,19,3.01,MG,1686624425
146,mu'minobod,38.1085,70.0285,23.35,34,24,0.7,TJ,1686624425
147,rosario oeste,-14.8361,-56.4275,18.16,92,49,3.16,BR,1686624425
148,blackmans bay,-43.0167,147.3167,12.63,76,100,3.92,AU,1686624101
149,sao tome,0.3365,6.7273,25.36,84,72,3.03,ST,1686624227
150,viedma,-40.8135,-62.9967,5.14,48,7,4.41,AR,1686624061
151,vorgashor,67.5833,63.95,8.23,53,100,5.75,RU,1686624134
152,utrik,11.2278,169.8474,27.77,80,48,7.99,MH,1686624113
153,mykolaiv,49.5237,23.9852,8.17,96,97,2.0,UA,1686624426
154,harstad,68.799,16.5293,7.66,99,100,6.26,NO,1686624426
155,west island,-12.1568,96.8225,26.99,83,40,8.47,CC,1686624132
156,kingston,17.997,-76.7936,28.53,78,20,6.69,JM,1686624146
157,la passe,45.5549,-0.8967,18.13,92,100,2.86,FR,1686624204
158,vilyuchinsk,52.9306,158.4028,24.15,47,0,1.42,RU,1686624160
159,wuchuan,21.4571,110.7659,30.74,70,51,3.38,CN,1686624426
160,kasongo,-4.45,26.6667,19.9,87,48,0.39,CD,1686624426
161,coquimbo,-29.9533,-71.3436,10.85,81,100,1.54,CL,1686624181
162,bethel,41.3712,-73.414,19.19,89,100,2.06,US,1686624136
163,tuy hoa,13.0833,109.3,31.21,58,99,4.28,VN,1686624427
164,ambodifotatra,-16.9833,49.85,24.03,74,22,2.2,MG,1686624427
165,colonia,50.9333,6.95,18.25,59,0,2.57,DE,1686624100
166,tabou,4.423,-7.3528,25.25,76,90,3.37,CI,1686624427
167,moose jaw,50.4001,-105.5344,27.14,22,54,2.06,CA,1686624415
168,turkestan,43.3333,68.25,30.05,13,0,8.69,KZ,1686624427
169,great bend,38.3645,-98.7648,21.07,59,75,1.54,US,1686624349
170,mount isa,-20.7333,139.5,28.87,18,19,5.66,AU,1686624227
171,port elizabeth,-33.918,25.5701,13.16,66,0,3.6,ZA,1686623991
172,qaqortoq,60.7167,-46.0333,7.07,77,100,2.92,GL,1686624165
173,codrington,-38.2667,141.9667,13.33,69,96,7.06,AU,1686624163
174,tura,25.5198,90.2201,27.14,83,7,3.0,IN,1686624017
175,midvagur,62.0511,-7.1939,6.46,87,99,0.0,FO,1686624283
176,ghadamis,30.1337,9.5007,28.38,25,0,8.06,LY,1686624428
177,winnemucca,40.973,-117.7357,21.03,46,20,3.09,US,1686624428
178,hermanus,-34.4187,19.2345,16.0,88,100,13.84,ZA,1686624226
179,magong,23.5654,119.5863,27.48,81,99,4.77,TW,1686624428
180,natal,-5.795,-35.2094,24.12,100,40,3.09,BR,1686624329
181,isafjordur,66.0755,-23.124,7.6,81,68,2.96,IS,1686624144
182,st. john's,47.5649,-52.7093,8.21,95,100,7.2,CA,1686624257
183,bonthe,7.5264,-12.505,24.55,89,100,2.42,SL,1686624164
184,jandiala guru,31.5614,75.0267,34.96,24,0,2.28,IN,1686624429
185,pangody,65.85,74.4859,5.01,60,9,7.47,RU,1686624078
186,urganch,41.55,60.6333,23.97,33,0,2.06,UZ,1686624429
187,ormara,25.2088,64.6357,31.41,62,69,2.93,PK,1686624412
188,richards bay,-28.783,32.0377,16.03,89,3,1.9,ZA,1686624100
189,homa bay,-0.5273,34.4571,18.12,83,90,1.53,KE,1686624429
190,north elba,44.2434,-73.9543,19.25,84,100,2.7,US,1686624430
191,dzerzhinskoye,56.8344,95.2283,20.05,44,43,2.31,RU,1686624430
192,inhambane,-23.865,35.3833,19.02,89,66,2.33,MZ,1686624430
193,smara,26.7384,-11.6719,20.28,84,15,4.98,EH,1686624354
194,pisco,-13.7,-76.2167,20.03,77,2,3.09,PE,1686624103
195,lata,40.1629,-8.3327,18.37,98,99,1.72,PT,1686624228
196,santa ana,33.7456,-117.8678,20.48,76,75,3.6,US,1686623868
197,biltine,14.5333,20.9167,27.93,58,72,6.25,TD,1686624359
198,santa cruz,-17.8,-63.1667,13.7,54,100,9.26,BO,1686624015
199,ulladulla,-35.35,150.4667,19.37,42,100,4.25,AU,1686624224
200,bam,29.106,58.357,32.56,15,0,5.68,IR,1686624431
201,laguna,38.421,-121.4238,25.64,58,100,5.14,US,1686624044
202,gubkinskiy,64.434,76.5026,6.69,55,6,8.8,RU,1686624431
203,onguday,50.75,86.15,18.13,49,31,1.06,RU,1686624431
204,ambalangoda,6.2355,80.0538,28.18,79,100,5.63,LK,1686624431
205,mil'kovo,55.6078,37.7956,11.27,74,1,3.2,RU,1686624431
206,new norfolk,-42.7826,147.0587,13.29,78,94,1.37,AU,1686624095
207,dalandzadgad,43.5708,104.425,26.79,17,0,4.6,MN,1686624432
208,alva,56.1528,-3.8051,14.62,93,44,2.01,GB,1686624432
209,coahuayana de hidalgo,18.7,-103.6583,25.1,82,11,0.83,MX,1686624266
210,altai,46.3722,96.2583,13.77,56,82,1.81,MN,1686624267
211,letlhakeng,-24.0944,25.0298,5.61,80,0,3.13,BW,1686624432
212,kaisiadorys,54.8667,24.45,12.54,79,100,2.93,LT,1686624432
213,bredasdorp,-34.5322,20.0403,14.19,75,78,10.56,ZA,1686624101
214,dalbandin,28.8947,64.4101,34.05,11,0,1.62,PK,1686624252
215,nezhinka,51.7676,55.3694,17.09,45,40,6.0,RU,1686624432
216,georgetown,5.4112,100.3354,30.96,79,20,3.6,MY,1686623899
217,nuku'alofa,-21.1333,-175.2,23.19,78,75,0.51,TO,1686624249
218,al ghayzah,16.2079,52.176,28.5,88,100,1.09,YE,1686624433
219,newman,37.3138,-121.0208,28.19,59,51,1.79,US,1686624433
220,badger,64.8,-147.5333,17.14,43,100,7.72,US,1686624239
221,dapa,9.7594,126.0531,29.36,69,100,2.84,PH,1686624433
222,arkalyk,50.2486,66.9114,20.47,57,23,8.26,KZ,1686624433
223,ta`u,-14.2336,-169.5144,27.63,74,61,7.23,AS,1686624269
224,essaouira,31.5125,-9.77,20.72,88,32,4.12,MA,1686624433
225,flying fish cove,-10.4217,105.6791,26.82,83,75,6.69,CX,1686624234
226,san antonio de pale,-1.4014,5.6325,24.33,88,99,3.01,GQ,1686624183
227,dangriga,16.9692,-88.2321,28.98,83,39,4.88,BZ,1686624434
228,mount gambier,-37.8333,140.7667,11.22,84,100,4.77,AU,1686624263
229,ribeira grande,38.5167,-28.7,19.32,97,10,0.45,PT,1686624102
230,mabaruma,8.2,-59.7833,24.54,92,37,1.44,GY,1686624434
231,gambiran satu,-8.3939,114.1464,26.5,77,81,2.82,ID,1686624434
232,forbes,-33.3833,148.0167,17.73,42,3,6.63,AU,1686624434
233,mumford,5.2618,-0.759,24.77,73,54,3.99,GH,1686624434
234,usogorsk,63.4106,48.6872,15.18,74,99,4.0,RU,1686624186
235,trusesti,47.7667,27.0167,12.01,90,100,3.24,RO,1686624435
236,carnarvon,-24.8667,113.6333,19.13,31,0,6.83,AU,1686624121
237,grybow,49.6244,20.948,6.8,97,71,1.02,PL,1686624435
238,guerrero negro,27.9769,-114.0611,16.97,80,53,8.0,MX,1686624142
239,matoury,4.8483,-52.3317,24.98,94,0,0.51,GF,1686624435
240,lamu,-2.2717,40.902,24.12,78,14,5.98,KE,1686624222
241,nema,57.5067,50.5011,11.44,61,5,0.08,RU,1686624255
242,ulanhot,46.0833,122.0833,27.09,35,31,2.23,CN,1686624179
243,areia branca,-4.9561,-37.1369,24.24,83,0,6.54,BR,1686624435
244,ilabaya,-17.4208,-70.5133,15.33,56,12,0.87,PE,1686624435
245,pacific grove,36.6177,-121.9166,16.82,81,40,5.14,US,1686624038
246,kruisfontein,-34.0033,24.7314,11.6,69,87,3.53,ZA,1686624140
247,vila do maio,15.1333,-23.2167,25.44,87,94,7.48,CV,1686624436
248,chimoio,-19.1164,33.4833,15.45,45,0,2.76,MZ,1686624437
249,polyarnyy,69.1989,33.4478,9.87,65,92,6.32,RU,1686624245
250,bardsir,29.9227,56.5743,24.01,29,12,1.47,IR,1686624437
251,guiuan,11.0333,125.7247,29.38,72,100,4.98,PH,1686624437
252,holualoa,19.6228,-155.9522,25.91,84,40,4.63,US,1686624143
253,durazno,-33.4131,-56.5006,3.82,80,5,1.67,UY,1686624437
254,wotho,10.1657,166.0102,28.15,79,65,8.54,MH,1686624437
255,lompoc,34.6391,-120.4579,18.21,83,0,3.09,US,1686624230
256,birao,10.2849,22.7882,24.09,83,100,1.42,CF,1686624387
257,mokhsogollokh,61.4681,128.9203,6.56,76,100,0.93,RU,1686624438
258,debre werk',10.6667,38.1667,14.87,65,100,0.81,ET,1686624438
259,parksville,49.3163,-124.3195,27.98,43,47,8.75,CA,1686624366
260,miandrivazo,-19.5167,45.4667,17.04,65,0,0.57,MG,1686624438
261,wenchang,30.904,118.4887,23.5,84,100,1.43,CN,1686624438
262,rio segundo,-31.6526,-63.9099,-0.19,46,39,2.05,AR,1686624438
263,conception bay south,47.4999,-52.9981,8.08,95,100,7.94,CA,1686624223
264,carutapera,-1.195,-46.02,24.55,93,65,2.91,BR,1686624099
265,akrehamn,59.2667,5.1833,14.01,62,100,1.03,NO,1686624439
266,mili,6.0815,171.735,28.25,80,100,7.68,MH,1686624261
267,san borja,-14.8167,-66.85,12.28,89,100,3.6,BO,1686624439
268,xinmin,41.9908,122.8253,24.88,43,26,1.26,CN,1686624439
269,pedernales,18.0384,-71.744,27.52,62,5,3.28,DO,1686624439
270,houghton,47.1219,-88.569,10.06,96,100,4.63,US,1686623816
271,nantucket,41.2835,-70.0995,19.03,100,100,5.66,US,1686624440
272,port douglas,-16.4833,145.4667,24.4,74,33,3.43,AU,1686624440
273,papao,-17.75,-149.55,28.82,70,13,8.88,PF,1686624180
274,beau vallon,-20.4189,57.6953,23.45,94,40,2.06,MU,1686624440
275,avarua,-21.2078,-159.775,26.03,83,20,7.72,CK,1686624224
276,punta del este,-34.9667,-54.95,11.65,70,75,5.36,UY,1686624440
277,aoulef,26.9667,1.0833,32.05,10,0,4.69,DZ,1686624440
278,tindouf,27.6711,-8.1474,19.25,72,0,7.72,DZ,1686624440
279,tsiombe,-25.3,45.4833,16.7,95,10,3.49,MG,1686624251
280,luderitz,-26.6481,15.1594,12.25,81,0,4.21,NA,1686624224
281,marang,5.2056,103.2059,32.2,67,65,1.06,MY,1686624441
282,lebu,-37.6167,-73.65,7.8,70,0,6.13,CL,1686624134
283,esquel,-42.9,-71.3167,-1.27,78,12,1.61,AR,1686624441
284,saint-augustin-de-desmaures,46.7406,-71.4513,21.84,60,100,4.12,CA,1686624441
285,anadyr,64.75,177.4833,17.28,48,0,3.0,RU,1686624076
286,yerofey pavlovich,53.9667,121.9667,10.17,85,100,1.83,RU,1686624441
287,parkes,-33.1333,148.1833,16.86,59,2,0.45,AU,1686624441
288,zhigalovo,54.8097,105.1578,12.52,77,100,0.64,RU,1686624388
289,labrador city,52.9463,-66.9114,6.95,87,40,0.0,CA,1686624184
290,pizarro,4.9533,-77.366,26.56,83,84,0.82,CO,1686624272
291,saldanha,-33.0117,17.9442,13.03,83,100,7.95,ZA,1686624256
292,petropavlovsk-kamchatsky,53.0452,158.6483,22.33,38,0,6.0,RU,1686624237
293,valdivia,-39.8142,-73.2459,2.6,98,12,1.63,CL,1686624442
294,saint-pierre,-21.3393,55.4781,21.98,73,0,3.09,RE,1686624265
295,cam ranh,11.9214,109.1591,33.98,46,20,3.09,VN,1686624442
296,san patricio,28.017,-97.5169,28.27,86,54,5.99,US,1686624401
297,nova vicosa,-17.8919,-39.3719,22.24,89,0,3.71,BR,1686624271
298,jos,9.9167,8.9,18.61,93,76,2.03,NG,1686624443
299,tazacorte,28.629,-17.9293,21.54,85,100,3.09,ES,1686624343
300,saudarkrokur,65.7461,-19.6394,8.43,83,8,3.1,IS,1686624133
301,andergrove,-21.0833,149.1833,26.47,70,2,2.7,AU,1686624444
302,kerikeri,-35.2268,173.9474,17.17,67,1,3.02,NZ,1686624143
303,chipinge,-20.1883,32.6236,15.57,33,4,2.47,ZW,1686624446
304,lauro de freitas,-12.8944,-38.3272,27.01,78,40,2.57,BR,1686624446
305,page,36.9147,-111.4558,18.88,48,0,1.54,US,1686624303
306,hotan,37.0997,79.9269,32.24,14,99,1.17,CN,1686624179
307,puerto armuelles,8.2833,-82.8667,29.49,74,74,1.34,PA,1686624346
308,trairi,-3.2778,-39.2689,25.45,81,1,3.68,BR,1686624271
309,villa gesell,-37.2639,-56.973,2.81,79,52,4.89,AR,1686624239
310,grossheubach,49.7272,9.2253,16.98,69,0,1.8,DE,1686624447
311,mersa matruh,31.3525,27.2453,21.11,83,0,0.0,EG,1686624447
312,alice springs,-23.7,133.8833,17.9,31,0,4.63,AU,1686624010
313,slavyanka,42.8633,131.3847,17.83,77,92,2.42,RU,1686624447
314,novoselitskoye,44.7508,43.4369,19.01,89,100,2.55,RU,1686624448
315,perryton,36.4,-100.8027,15.67,82,100,2.57,US,1686624448
316,uturoa,-16.7333,-151.4333,27.19,73,21,7.05,PF,1686624242
317,woolgoolga,-30.1106,153.2007,21.93,53,63,4.19,AU,1686624448
318,colac,-38.3333,143.5833,13.43,76,97,6.06,AU,1686624448
319,pekalongan,-6.8886,109.6753,29.34,71,33,1.1,ID,1686624448
320,shepshed,52.7657,-1.2902,15.51,89,0,2.06,GB,1686624448
321,mananjary,-21.2167,48.3333,19.43,90,49,2.68,MG,1686624448
322,mont-tremblant,46.1949,-74.6264,21.99,77,100,1.54,CA,1686624292
323,manta,-0.95,-80.7333,26.67,89,75,8.05,EC,1686624449
324,gordonvale,-17.0936,145.7842,28.28,78,71,2.71,AU,1686624449
325,funafuti,-8.5243,179.1942,32.0,79,75,3.6,TV,1686624449
326,dzilam gonzalez,21.2833,-88.9333,28.09,77,61,1.97,MX,1686624449
327,tolanaro,-25.0319,46.9987,17.04,94,20,0.0,MG,1686624061
328,mugia,43.1041,-9.2179,17.31,95,100,1.82,ES,1686624241
329,lubang,13.8584,120.124,29.28,77,62,8.7,PH,1686624104
330,port saint john's,-31.6229,29.5448,14.6,66,79,2.75,ZA,1686624268
331,afaahiti,-17.75,-149.2833,27.93,70,28,8.01,PF,1686624121
332,itaituba,-4.2761,-55.9836,24.22,88,44,0.81,BR,1686624223
333,edgewater,28.9889,-80.9023,29.01,66,20,4.12,US,1686624302
334,fortuna,40.5982,-124.1573,13.53,94,100,5.14,US,1686624163
335,sydney mines,46.2367,-60.2177,13.23,85,40,1.54,CA,1686624450
336,mahina,-17.5065,-149.489,28.87,61,40,2.57,PF,1686624450
337,prince rupert,54.3161,-130.3201,13.83,84,100,8.23,CA,1686624272
338,cooma,-36.2333,149.1333,12.86,44,100,5.66,AU,1686624450
339,katsuren-haebaru,26.3369,127.8719,28.0,98,75,4.12,JP,1686624450
340,el dorado,38.7666,-120.5177,19.29,89,56,1.59,US,1686624450
341,bela,25.9333,81.9833,40.43,22,12,5.96,IN,1686624451
342,yakakent,41.6325,35.5289,19.06,91,100,1.07,TR,1686624451
343,ketchikan,55.3422,-131.6461,17.26,55,0,4.12,US,1686624451
344,winkler,49.1817,-97.941,24.98,31,26,0.0,CA,1686624451
345,shigony,53.3875,48.6777,11.33,64,100,7.7,RU,1686624451
346,buritizeiro,-17.3511,-44.9622,22.48,47,79,1.1,BR,1686624451
347,nizhniy odes,63.6445,54.856,13.79,72,100,4.05,RU,1686624243
348,lospalos,-8.5186,127.0025,25.82,63,90,5.53,TL,1686624253
349,geidam,12.897,11.9304,31.04,47,28,1.44,NG,1686624452
350,al jawf,29.5,38.75,24.01,33,0,1.88,SA,1686624249
351,chonchi,-42.6128,-73.8092,3.56,95,32,0.79,CL,1686624133
352,turpan,42.9333,89.1667,36.3,14,100,2.47,CN,1686624452
353,san luis de la loma,17.2706,-100.8939,28.08,76,5,2.77,MX,1686624452
354,n'zeto,-7.2312,12.8666,21.49,92,92,2.96,AO,1686624452
355,ad dabbah,18.05,30.95,33.37,16,75,3.51,SD,1686624239
356,seosan,36.7817,126.4522,23.33,53,96,2.82,KR,1686624452
357,crane,31.3974,-102.3501,31.89,13,2,4.29,US,1686624213
358,pontianak,-0.0333,109.3333,28.99,74,20,2.57,ID,1686624171
359,aberdeen,57.1437,-2.0981,15.36,100,62,1.54,GB,1686624307
360,puerto gaitan,4.3133,-72.0816,24.54,90,59,2.59,CO,1686624453
361,broome,42.2506,-75.833,17.47,96,100,4.12,US,1686624453
362,ouadda,8.0777,22.4007,20.43,99,100,0.7,CF,1686624453
363,evans,33.5337,-82.1307,25.56,75,3,2.24,US,1686624220
364,antalaha,-14.9003,50.2788,20.2,87,9,2.06,MG,1686624453
365,broken hill,-31.95,141.4333,14.57,48,0,8.93,AU,1686624453
366,katsuura,35.1333,140.3,23.86,80,89,4.05,JP,1686624411
367,cole harbour,44.6724,-63.4751,19.66,69,20,3.6,CA,1686624454
368,sechura,-5.5569,-80.8222,23.06,73,0,7.19,PE,1686624454
369,quatre cocos,-20.2078,57.7625,23.38,79,26,3.79,MU,1686624276
370,i-n-salah,27.1935,2.4607,33.04,9,0,4.2,DZ,1686624454
371,ust'-ilimsk,58.0006,102.6619,13.8,45,100,1.6,RU,1686624454
372,ola,59.5833,151.2833,18.97,90,87,5.0,RU,1686624265
373,gabu,12.2833,-14.2167,24.11,91,100,2.76,GW,1686624454
374,blama,7.8736,-11.3433,22.3,99,100,0.41,SL,1686624454
375,lyambir',54.2817,45.1249,9.88,74,87,6.41,RU,1686624455
376,rong'an,26.1247,119.1214,31.56,47,72,0.9,CN,1686624455
377,lihue,21.9789,-159.3672,27.58,74,20,6.69,US,1686623956
378,axim,4.8699,-2.2405,24.91,71,84,2.52,GH,1686624101
379,ilebo,-4.3167,20.5833,20.78,97,80,0.94,CD,1686624455
380,namibe,-15.1961,12.1522,15.79,79,4,0.99,AO,1686624093
381,brandon,27.9378,-82.2859,28.31,77,0,1.54,US,1686624249
382,moratuwa,6.773,79.8816,26.01,79,100,4.66,LK,1686624455
383,mbala,-8.8402,31.3659,13.61,73,77,2.18,ZM,1686624456
384,kibakwe,-6.7167,36.3667,14.16,91,14,1.12,TZ,1686624456
385,bacalar,18.6667,-88.3833,28.24,84,1,4.03,MX,1686624376
386,puerto baquerizo moreno,-0.9,-89.6,25.91,82,25,5.27,EC,1686624173
387,'ali sabieh,11.1558,42.7125,32.07,43,100,3.2,DJ,1686624456
388,rocha,-34.4833,-54.3333,9.05,68,100,2.17,UY,1686624326
389,sarangani,5.4033,125.4636,29.11,69,33,3.32,PH,1686624456
390,kailua-kona,19.6406,-155.9956,27.98,84,40,4.63,US,1686624062
391,lidkoping,58.5052,13.1577,8.01,65,63,2.4,SE,1686624456
392,ilha de mocambique,-15.0342,40.7358,23.22,70,1,1.48,MZ,1686624132
393,karaisali,37.2567,35.0589,19.37,92,28,0.87,TR,1686624457
394,sao joao de pirabas,-0.7747,-47.1772,25.49,88,97,3.45,BR,1686624457
395,rio grande,-32.035,-52.0986,8.09,68,6,4.31,BR,1686624259
396,aykhal,66.0,111.5,15.24,34,11,7.69,RU,1686624457
397,tinaquillo,9.9186,-68.3047,25.04,96,88,0.93,VE,1686624457
398,jieshi,22.8134,115.8257,29.23,72,99,2.94,CN,1686624457
399,mazagao,-0.115,-51.2894,27.03,97,99,1.43,BR,1686624457
400,dolbeau-mistassini,48.8763,-72.212,16.36,69,4,1.49,CA,1686624328
401,kalabo,-14.97,22.6814,13.58,48,29,2.74,ZM,1686624458
402,jayapura,-2.5333,140.7,29.66,96,100,2.6,ID,1686624458
403,kuloy,61.0305,42.4925,13.01,56,100,2.6,RU,1686624458
404,nyurba,63.2842,118.3319,15.59,32,94,3.5,RU,1686624458
405,hue,16.4667,107.6,34.06,52,20,1.54,VN,1686624458
406,kavieng,-2.5744,150.7967,29.03,77,51,4.36,PG,1686624164
407,maceio,-9.6658,-35.7353,23.69,100,75,2.57,BR,1686624458
408,igarka,67.4667,86.5833,9.76,68,62,6.68,RU,1686624070
409,belyy yar,53.6039,91.3903,18.94,63,0,3.0,RU,1686624238
410,bni bouayach,35.1022,-3.841,19.31,68,0,1.54,MA,1686624459
411,south hedland,-20.4089,118.5983,24.96,20,8,9.26,AU,1686624459
412,la tuque,47.4334,-72.7824,19.14,63,98,0.0,CA,1686624242
413,vinga,46.0167,21.2,13.84,82,40,3.09,RO,1686624459
414,susuman,62.7833,148.1667,11.65,81,100,3.7,RU,1686624241
415,sitka,57.0531,-135.33,11.94,62,75,6.17,US,1686624137
416,maebaru-chuo,33.55,130.2,29.97,72,100,1.03,JP,1686624459
417,porto velho,-8.7619,-63.9039,25.03,88,0,1.54,BR,1686624264
418,sultanah,24.4926,39.5857,28.25,23,0,1.54,SA,1686624459
419,birnin kudu,11.4459,9.4984,26.38,69,98,5.34,NG,1686624460
420,nguti,5.3299,9.4185,21.9,98,98,0.16,CM,1686624460
421,viqueque,-8.8673,126.3658,28.48,55,83,2.97,TL,1686624460
422,aswan,24.0934,32.907,29.61,24,0,3.09,EG,1686624248
423,twon-brass,4.3151,6.2418,26.12,82,100,3.03,NG,1686624460
424,waingapu,-9.6567,120.2641,28.55,54,43,7.24,ID,1686624240
425,menongue,-14.6585,17.691,10.12,47,2,1.17,AO,1686624409
426,tarumovka,44.0761,46.5361,24.45,61,59,2.7,RU,1686624460
427,el calafate,-50.3408,-72.2768,0.29,70,100,1.34,AR,1686624461
428,thinadhoo,0.5333,72.9333,28.76,72,12,4.28,MV,1686624461
429,monterey,36.2505,-121.2516,14.54,1,23,2.83,US,1686624301
430,greymouth,-42.4667,171.2,13.02,59,13,0.92,NZ,1686624461
431,selfoss,63.9331,-20.9971,8.25,81,4,1.83,IS,1686624239
432,sao joao da barra,-21.6403,-41.0511,22.65,88,75,2.77,BR,1686624341
433,port-vila,-17.7338,168.3219,24.78,83,100,3.6,VU,1686624461
434,aqadyr,48.2553,72.8483,23.0,26,18,5.75,KZ,1686624461
435,san francisco de asis,10.2868,-73.894,24.46,90,78,1.99,CO,1686624462
436,hancheng,32.5186,112.3522,29.61,42,3,2.59,CN,1686624462
437,kapuskasing,49.4169,-82.4331,17.0,82,100,2.06,CA,1686624122
438,tual,-5.6667,132.75,26.98,81,100,8.64,ID,1686624271
439,kolwezi,-10.7148,25.4667,17.31,50,84,1.28,CD,1686624462
440,corner brook,48.9667,-57.9484,10.09,81,1,1.43,CA,1686624307
441,pitimbu,-7.4706,-34.8086,24.33,83,24,6.12,BR,1686624238
442,polatsk,55.4859,28.7756,9.41,78,100,2.13,BY,1686624462
443,ha'il,27.5219,41.6907,22.01,35,0,1.03,SA,1686624016
444,chardara,41.2547,67.9692,28.63,40,39,6.83,KZ,1686624463
445,shingu,33.7333,135.9833,28.32,61,100,0.93,JP,1686624140
446,general toshevo,43.7,28.0333,12.37,86,99,1.34,BG,1686624463
447,sharjah,25.3573,55.4033,31.99,51,0,2.57,AE,1686624463
448,sinabang,2.4803,96.3801,29.35,68,25,1.25,ID,1686624463
449,chibougamau,49.9168,-74.3659,17.79,63,0,2.57,CA,1686624267
450,bethanie,-26.4833,17.15,5.73,81,0,0.31,NA,1686624463
451,ceerigaabo,10.6162,47.368,18.14,73,100,7.47,SO,1686624463
452,enewetak,11.3474,162.3373,27.96,81,99,8.62,MH,1686624075
453,bodaybo,57.8506,114.1933,14.53,46,24,3.43,RU,1686624464
454,fisterra,42.9049,-9.2629,17.23,93,94,3.47,ES,1686624142
455,qarauyl,48.9451,79.255,21.88,32,2,6.45,KZ,1686624464
456,kiruna,67.8557,20.2251,5.51,75,46,2.57,SE,1686624078
457,porto novo,6.4965,2.6036,26.9,82,100,2.57,BJ,1686624188
458,es castell,39.8795,4.2854,20.38,100,0,2.06,ES,1686624464
459,guarapuava,-25.3953,-51.4581,10.56,99,100,2.36,BR,1686624464
460,mossel bay,-34.1831,22.146,16.96,61,91,9.67,ZA,1686624465
461,south boston,42.3334,-71.0495,20.92,89,100,5.66,US,1686624465
462,chui,-33.6971,-53.4616,8.64,75,96,2.57,UY,1686624465
463,zhezqazghan,47.7833,67.7667,23.32,27,0,6.0,KZ,1686624213
464,haiku-pauwela,20.9219,-156.3051,30.01,57,0,9.77,US,1686624102
465,kill devil hills,36.0307,-75.676,22.01,92,40,6.69,US,1686624465
466,fort st. john,56.2499,-120.8529,22.94,40,75,2.06,CA,1686624242
467,kirensk,57.7853,108.1119,16.57,32,100,5.03,RU,1686624187
468,bel ombre,-4.6167,55.4167,26.91,74,40,5.66,SC,1686624465
469,nagqu,31.5,92.0,9.37,55,98,3.51,CN,1686624187
470,tecax,20.2,-89.2833,25.24,93,80,1.81,MX,1686624466
471,bandon,51.7469,-8.7425,15.77,94,100,2.7,IE,1686624466
472,cobourg,50.2667,10.9667,11.12,61,0,0.45,DE,1686624466
473,peace river,56.2501,-117.286,25.17,41,75,4.12,CA,1686624140
474,aleg,17.0481,-13.9209,32.83,15,49,4.08,MR,1686624466
475,aketi,2.7388,23.7833,20.86,99,57,0.9,CD,1686624466
476,harnai,30.1005,67.9374,30.85,42,1,2.62,PK,1686624466
477,touros,-5.1989,-35.4608,24.07,89,4,4.53,BR,1686624268
478,tharad,24.3961,71.6267,31.28,63,82,7.68,IN,1686624467
479,sortavala,61.7053,30.6918,10.35,67,89,2.66,RU,1686624467
480,yamada,39.4667,141.95,21.26,82,88,2.31,JP,1686624467
481,perry,37.2506,-83.1999,17.4,88,60,1.88,US,1686624467
482,prado,-17.3411,-39.2208,22.53,90,0,2.83,BR,1686624467
483,villa de arista,22.65,-100.8333,25.43,38,1,6.35,MX,1686624467
484,amursk,50.2261,136.8994,20.87,46,0,3.38,RU,1686624171
485,kirriemuir,56.674,-3.0034,13.85,91,61,1.3,GB,1686624468
486,phalaborwa,-23.943,31.1411,15.6,60,55,1.52,ZA,1686624468
487,mariehamn,60.0973,19.9348,11.57,100,0,1.54,AX,1686624468
488,tamanrasset,22.785,5.5228,26.95,32,20,2.06,DZ,1686624468
489,yarmouth,41.7057,-70.2286,19.03,91,100,4.02,US,1686624142
490,puerto deseado,-47.7503,-65.8938,4.19,61,100,4.34,AR,1686624468
491,salekhard,66.53,66.6019,9.07,47,100,4.22,RU,1686624468
492,sabang,5.8933,95.3214,28.76,72,40,7.26,ID,1686624468
493,center,31.5107,-96.4247,29.33,73,0,2.06,US,1686624469
494,piti village,13.4626,144.6933,31.03,86,75,7.2,GU,1686624234
495,calama,-22.4667,-68.9333,5.14,39,0,0.7,CL,1686624469
496,callao,-12.0667,-77.15,21.16,78,75,8.75,PE,1686624226
497,northam,51.0333,-4.2167,15.37,96,24,0.45,GB,1686624270
498,san nicolas de los arroyos,-33.3358,-60.2252,7.81,75,0,1.38,AR,1686624230
499,pariaman,-0.619,100.12,30.03,67,67,0.7,ID,1686624235
500,sakaiminato,35.55,133.2333,26.96,83,40,2.06,JP,1686624259
501,ingeniero jacobacci,-41.3427,-69.5448,0.46,57,6,1.65,AR,1686624371
502,asha,54.9973,57.2722,6.21,72,0,2.24,RU,1686624469
503,panama city beach,30.1766,-85.8055,28.93,78,100,12.35,US,1686624470
504,tromso,69.6496,18.957,7.01,81,100,8.75,NO,1686624227
505,creel,27.75,-107.6333,13.55,29,100,2.56,MX,1686624376
506,trondheim,63.4305,10.3951,13.03,79,100,0.95,NO,1686624470
507,camayenne,9.535,-13.6878,25.05,94,75,3.09,GN,1686624470
508,seydi,39.4816,62.9137,31.42,12,11,3.38,TM,1686624470
509,hadibu,12.65,54.0333,28.24,78,100,10.52,YE,1686624365
510,bafq,31.6128,55.4107,31.0,19,6,1.52,IR,1686624470
511,palikir - national government center,6.9248,158.1611,31.47,74,100,4.12,FM,1686624470
512,sao vicente,-23.9631,-46.3919,22.77,26,100,0.45,BR,1686624471
513,yuzhno-kurilsk,44.0306,145.8556,11.73,96,100,3.71,RU,1686624250
514,la'ie,21.6477,-157.9253,30.98,70,0,1.79,US,1686624267
515,dampit,-8.2116,112.7493,27.52,62,89,2.51,ID,1686624255
516,kidal,18.4411,1.4078,30.3,43,4,4.44,ML,1686624269
517,nueva gerona,21.8833,-82.8,28.55,72,0,4.49,CU,1686624471
518,posto fiscal rolim de moura,-13.0833,-62.2667,19.47,89,66,2.6,BR,1686624471
519,asekeyevo,53.5742,52.7972,11.2,70,99,7.55,RU,1686624471
520,vila franca do campo,37.7167,-25.4333,19.23,98,100,4.64,PT,1686624233
521,boende,-0.2167,20.8667,21.31,99,74,0.88,CD,1686624471
522,constantia,44.1833,28.65,12.61,85,40,6.95,RO,1686624227
523,canton,23.1167,113.25,32.97,49,62,1.68,CN,1686624302
524,arhribs,36.7936,4.3116,19.34,84,85,2.54,DZ,1686624472
525,moyynkum,44.2914,72.9469,23.14,24,81,8.55,KZ,1686624472
526,san jose,37.3394,-121.895,21.58,65,75,5.66,US,1686623832
527,gobabis,-22.45,18.9667,4.47,71,0,2.22,NA,1686624225
528,worland,44.0169,-107.9554,18.11,87,100,1.54,US,1686624472
529,ciudad guadalupe victoria,24.4497,-104.1225,26.47,14,22,4.49,MX,1686624472
530,fendou,46.65,124.8667,27.99,32,2,2.82,CN,1686624472
531,shetpe,44.1667,52.1167,28.79,14,5,4.69,KZ,1686624473
532,gunjur,13.2019,-16.7339,28.04,83,75,3.09,GM,1686624473
533,ati,13.2154,18.3353,27.02,64,100,4.43,TD,1686624473
534,noosa heads,-26.3833,153.15,24.08,72,5,2.3,AU,1686624199
535,baie-comeau,49.2168,-68.1489,14.82,82,0,1.03,CA,1686624473
536,sejny,54.108,23.347,11.14,71,100,3.85,PL,1686624473
537,klaksvik,62.2266,-6.589,6.51,70,99,0.88,FO,1686624454
538,juneau,58.3019,-134.4197,12.0,84,100,3.09,US,1686624288
539,meizhou,24.2977,116.1072,32.66,58,19,1.45,CN,1686624473
540,santa terezinha,-29.9002,-50.0904,8.86,71,78,3.84,BR,1686624474
541,villa regina,-39.1,-67.0667,3.88,36,0,3.82,AR,1686624474
542,nahiyat ash shinafiyah,31.5874,44.6602,33.23,19,0,4.9,IQ,1686624474
543,alaghsas,17.0187,8.0168,30.5,37,69,4.48,NE,1686624474
544,fortaleza,-3.7227,-38.5247,27.9,83,40,3.09,BR,1686624269
545,nagarote,12.2659,-86.5647,29.82,85,98,0.97,NI,1686624474
546,edson,53.5835,-116.4356,24.08,41,0,2.06,CA,1686624474
547,zaragoza,41.6561,-0.8773,18.9,69,0,2.06,ES,1686624437
548,geraldton,-28.7667,114.6,16.23,59,0,5.66,AU,1686623884
549,kiffa,16.6166,-11.4045,32.76,35,100,3.08,MR,1686624189
550,kenai,60.5544,-151.2583,9.05,69,100,3.6,US,1686624110
551,semnan,35.5729,53.3971,27.92,29,12,1.06,IR,1686624475
552,podporozh'ye,60.9112,34.1706,11.69,60,17,2.16,RU,1686624475
553,sao francisco,-15.9486,-44.8644,23.73,39,90,1.03,BR,1686624475
554,nikolayevsk-on-amure,53.1406,140.73,17.3,57,67,3.72,RU,1686624470
555,ouesso,1.6136,16.0517,21.74,96,100,1.02,CG,1686624475
556,ambad,19.6167,75.8,29.95,50,2,6.13,IN,1686624475
557,newport,51.5877,-2.9984,17.6,90,90,3.55,GB,1686624475
558,happy valley-goose bay,53.3168,-60.3315,15.17,47,75,2.06,CA,1686624251
559,sharhorod,48.7383,28.085,12.05,95,100,3.26,UA,1686624476
560,tchollire,8.4022,14.1698,22.76,91,94,1.23,CM,1686624476
561,sisimiut,66.9395,-53.6735,0.06,88,31,3.26,GL,1686624240
562,ionia,42.9873,-85.0711,12.11,68,0,3.09,US,1686624374
563,johi,26.6921,67.6133,34.45,43,100,5.72,PK,1686624476
564,mar del plata,-38.0023,-57.5575,7.27,90,40,2.68,AR,1686624240
565,auna,10.1881,4.7232,25.14,77,91,1.62,NG,1686624476
566,krasnokamsk,58.0802,55.7541,11.09,54,1,1.84,RU,1686624477
567,kalmunai,7.4167,81.8167,29.02,68,96,1.39,LK,1686624169
568,kharp,66.8014,65.8081,8.6,50,99,2.63,RU,1686624477
